{"cameraMode":{"drawMode":0,"name":"Shaded","section":"Shading Mode"},"sceneLighting":true,"audioPlay":false,"sceneViewState":{"m_AlwaysRefresh":false,"showFog":true,"showSkybox":true,"showFlares":true,"showImageEffects":true,"showParticleSystems":true,"showVisualEffectGraphs":true,"m_FxEnabled":true},"in2DMode":false,"pivot":{"x":3.222010612487793,"y":1.830245018005371,"z":4.473911285400391},"rotation":{"x":-0.013788854703307152,"y":-0.015001622028648854,"z":-0.00020540798141155392,"w":0.9998272061347961},"size":6.81156587600708,"orthographic":false}